exercise,procs,run,time
ex2_sum,1,1,0.006226
ex2_sum,1,2,0.009973
ex2_sum,1,3,0.007528
ex2_sum,1,4,0.005872
ex2_sum,1,5,0.005384
ex2_sum,2,1,0.003798
ex2_sum,2,2,0.002568
ex2_sum,2,3,0.004648
ex2_sum,2,4,0.002864
ex2_sum,2,5,0.003444
ex2_sum,4,1,0.002088
ex2_sum,4,2,0.001939
ex2_sum,4,3,0.002070
ex2_sum,4,4,0.001869
ex2_sum,4,5,0.002250
ex3_pi,1,1,0.032893
ex3_pi,1,2,0.034622
ex3_pi,1,3,0.034570
ex3_pi,1,4,0.032539
ex3_pi,1,5,0.033672
ex3_pi,2,1,0.019491
ex3_pi,2,2,0.017042
ex3_pi,2,3,0.017213
ex3_pi,2,4,0.017777
ex3_pi,2,5,0.017822
ex3_pi,4,1,0.011763
ex3_pi,4,2,0.011033
ex3_pi,4,3,0.011726
ex3_pi,4,4,0.010581
ex3_pi,4,5,0.010955
